date_visit,n_stay,n_people,n_room,amount_fee,n_reserve
2023-10-01,0,0,0,0,0
2023-10-02,0,0,0,0,0
2023-10-03,0,0,0,0,0
2023-10-04,0,0,0,0,0
2023-10-05,0,0,0,0,0
2023-10-06,0,0,0,0,0
2023-10-07,0,0,0,0,0
2023-10-08,0,0,0,0,0
2023-10-09,0,0,0,0,0
2023-10-10,0,0,0,0,0
2023-10-11,0,0,0,0,0
2023-10-12,0,0,0,0,0
2023-10-13,0,0,0,0,0
2023-10-14,0,0,0,0,0
2023-10-15,0,0,0,0,0
2023-10-16,0,0,0,0,0
2023-10-17,0,0,0,0,0
2023-10-18,0,0,0,0,0
2023-10-19,0,0,0,0,0
2023-10-20,0,0,0,0,0
2023-10-21,0,0,0,0,0
2023-10-22,0,0,0,0,0
2023-10-23,0,0,0,0,0
2023-10-24,0,0,0,0,0
2023-10-25,0,0,0,0,0
2023-10-26,0,0,0,0,0
2023-10-27,0,0,0,0,0
2023-10-28,0,0,0,0,0
2023-10-29,0,0,0,0,0
2023-10-30,0,0,0,0,0
2023-10-31,0,0,0,0,0
2023-11-01,0,0,0,0,0
2023-11-02,0,0,0,0,0
2023-11-03,0,0,0,0,0
2023-11-04,0,0,0,0,0
2023-11-05,0,0,0,0,0
2023-11-06,0,0,0,0,0
2023-11-07,0,0,0,0,0
2023-11-08,0,0,0,0,0
2023-11-09,0,0,0,0,0
2023-11-10,98,217,131,1916578,88
2023-11-11,128,239,133,2627596,89
2023-11-12,112,205,130,1798072,81
2023-11-13,112,151,125,1435287,73
2023-11-14,88,167,126,1442828,72
2023-11-15,95,152,122,1381838,74
2023-11-16,74,169,131,1676841,67
2023-11-17,121,210,123,1825011,102
2023-11-18,115,275,133,2673641,102
2023-11-19,79,173,89,1336550,61
2023-11-20,107,157,116,1468135,85
2023-11-21,80,166,124,1553971,66
2023-11-22,928,502,424,3848353,262
2023-11-23,997,659,463,5125913,278
2023-11-24,809,614,470,4887524,241
2023-11-25,1053,631,456,5355177,337
2023-11-26,849,348,267,2266266,165
2023-11-27,1270,373,333,2460939,252
2023-11-28,1093,423,394,2820073,259
2023-11-29,664,374,346,2445819,159
2023-11-30,1089,284,262,1838181,182
2023-12-01,805,426,343,3388090,190
2023-12-02,1106,638,447,5362988,400
2023-12-03,1068,333,251,2286676,133
2023-12-04,678,300,267,1908279,142
2023-12-05,500,262,236,1764843,99
2023-12-06,610,419,397,2950521,175
2023-12-07,556,433,404,2889225,194
2023-12-08,691,479,387,3189601,237
2023-12-09,690,603,445,4672289,248
2023-12-10,396,293,232,2016270,91
2023-12-11,615,236,223,1512746,99
2023-12-12,470,286,272,1935507,134
2023-12-13,496,355,335,2334529,164
2023-12-14,559,380,369,2538496,140
2023-12-15,651,388,332,2763471,194
2023-12-16,596,451,337,3466567,221
2023-12-17,200,173,133,1188194,63
2023-12-18,485,208,190,1371874,122
2023-12-19,232,148,142,1084568,80
2023-12-20,406,258,241,1960340,170
2023-12-21,314,223,203,1640994,137
2023-12-22,520,394,312,2595060,190
2023-12-23,423,399,271,3128681,159
2023-12-24,193,196,116,1252254,71
2023-12-25,273,231,166,1669153,129
2023-12-26,251,245,200,1760694,103
2023-12-27,197,204,140,1504625,103
2023-12-28,236,376,226,2499103,107
2023-12-29,609,511,303,3611806,223
2023-12-30,571,511,305,4003577,175
2023-12-31,477,455,300,3753555,130
2024-01-01,242,409,233,3319915,90
2024-01-02,282,351,179,2430675,124
2024-01-03,163,267,137,1766283,93
2024-01-04,221,219,123,1453673,88
2024-01-05,303,278,178,1800986,101
2024-01-06,353,401,284,2941996,120
2024-01-07,127,215,127,1491159,67
2024-01-08,30,60,35,411179,15
2024-01-09,440,179,155,1110120,124
2024-01-10,349,198,185,1275010,113
2024-01-11,338,199,181,1270467,126
2024-01-12,632,345,279,2061914,145
2024-01-13,298,371,285,2532028,118
2024-01-14,263,123,92,692272,71
2024-01-15,435,231,182,1499727,150
2024-01-16,301,220,209,1549457,116
2024-01-17,262,201,185,1405882,117
2024-01-18,276,193,176,1353086,108
2024-01-19,435,250,212,1852731,86
2024-01-20,256,333,259,2863575,103
2024-01-21,142,208,180,1500204,51
2024-01-22,280,146,135,1016588,90
2024-01-23,349,233,212,1691943,124
2024-01-24,245,205,193,1506434,114
2024-01-25,198,170,160,1273710,102
2024-01-26,268,244,190,1673554,109
2024-01-27,192,267,168,1989337,102
2024-01-28,97,87,61,556137,41
2024-01-29,254,141,119,963482,79
2024-01-30,182,138,127,945375,82
2024-01-31,566,196,167,1236926,70
2024-02-01,232,245,223,1536733,73
2024-02-02,205,189,166,1135043,57
2024-02-03,192,291,219,2150090,94
2024-02-04,78,105,95,656620,23
2024-02-05,161,134,123,886910,52
2024-02-06,88,144,131,1005612,38
2024-02-07,131,187,173,1125533,35
2024-02-08,309,132,120,906630,51
2024-02-09,225,207,165,1291121,63
2024-02-10,651,571,350,4593493,254
2024-02-11,776,387,254,2963306,81
2024-02-12,130,133,109,836642,38
2024-02-13,190,216,191,1283669,54
2024-02-14,70,148,130,926851,33
2024-02-15,521,317,290,1896904,162
2024-02-16,494,358,301,2235239,184
2024-02-17,467,482,358,3941764,202
2024-02-18,174,179,143,1107460,73
2024-02-19,711,348,317,2264956,219
2024-02-20,582,395,373,2640899,194
2024-02-21,492,365,350,2472261,199
2024-02-22,630,406,317,2581185,183
2024-02-23,1006,725,467,5448634,359
2024-02-24,721,641,415,5209838,253
2024-02-25,275,251,186,1623860,92
2024-02-26,817,313,290,2013695,180
2024-02-27,550,325,294,2184159,180
2024-02-28,492,313,294,2127901,164
2024-02-29,515,352,313,2258653,164
2024-03-01,368,335,266,2239619,144
2024-03-02,484,486,345,3980398,170
2024-03-03,259,209,174,1346348,84
2024-03-04,755,321,304,2141736,139
2024-03-05,309,358,338,2485795,110
2024-03-06,311,380,341,2610754,133
2024-03-07,442,463,415,3281243,178
2024-03-08,646,492,382,3580192,210
2024-03-09,436,487,325,4022387,171
2024-03-10,397,297,217,1962067,114
2024-03-11,872,429,367,3119219,242
2024-03-12,713,406,381,2826966,227
2024-03-13,882,457,390,3413744,245
2024-03-14,632,506,430,3853597,238
2024-03-15,785,528,425,4258666,293
2024-03-16,709,611,412,5488137,258
2024-03-17,535,394,271,2719748,156
2024-03-18,602,442,337,3210480,201
2024-03-19,563,442,311,3241647,195
2024-03-20,428,393,275,2978210,148
2024-03-21,595,449,376,3197566,215
2024-03-22,630,514,373,3840332,213
2024-03-23,584,657,465,5504717,228
2024-03-24,608,377,266,2783804,169
2024-03-25,775,451,335,3352857,222
2024-03-26,686,495,369,4012191,194
2024-03-27,502,510,370,4136639,194
2024-03-28,553,621,447,4723841,259
2024-03-29,617,633,433,4735927,251
2024-03-30,554,583,453,5302105,159
2024-03-31,489,431,298,3638776,152
2024-04-01,385,384,258,2918419,136
2024-04-02,357,402,278,3276182,115
2024-04-03,230,395,276,3302016,121
2024-04-04,364,495,353,3921877,121
2024-04-05,370,419,265,3378648,167
2024-04-06,449,535,342,4854342,190
2024-04-07,405,377,283,2724365,107
2024-04-08,344,292,225,2186371,105
2024-04-09,213,265,189,2103069,96
2024-04-10,225,275,207,2596144,91
2024-04-11,313,335,272,2571075,113
2024-04-12,526,503,378,3905976,170
2024-04-13,528,587,399,5166710,178
2024-04-14,337,279,173,2104227,108
2024-04-15,309,293,213,2208945,104
2024-04-16,367,373,295,2951530,148
2024-04-17,314,316,259,2640227,86
2024-04-18,435,446,394,3443460,114
2024-04-19,370,421,309,3407640,109
2024-04-20,615,668,473,6127670,240
2024-04-21,274,318,197,2465522,115
2024-04-22,277,224,165,1746380,112
2024-04-23,469,479,423,3474982,116
2024-04-24,410,407,334,3168979,137
2024-04-25,403,287,251,2238379,123
2024-04-26,341,316,215,2439467,125
2024-04-27,573,547,332,4992779,231
2024-04-28,249,462,288,4463542,120
2024-04-29,191,162,97,1415431,46
2024-04-30,235,203,134,1843673,88
2024-05-01,175,217,131,1910000,84
2024-05-02,353,320,194,2640073,115
2024-05-03,776,819,512,8270025,213
2024-05-04,277,800,505,8087015,120
2024-05-05,120,447,260,4338394,83
2024-05-06,75,90,75,618503,11
2024-05-07,371,240,225,1500049,25
2024-05-08,488,290,270,1868636,34
2024-05-09,112,346,331,2277325,39
2024-05-10,148,316,277,1984698,42
2024-05-11,332,612,452,5030311,171
2024-05-12,142,330,243,2206473,69
2024-05-13,107,336,274,2277524,61
2024-05-14,218,456,405,3256405,111
2024-05-15,274,584,515,4507978,126
2024-05-16,210,479,438,3427022,109
2024-05-17,1190,536,449,4690963,207
2024-05-18,183,580,463,5666936,98
2024-05-19,1765,338,223,2382731,98
2024-05-20,164,402,338,2786134,88
2024-05-21,210,415,371,2910636,95
2024-05-22,753,547,476,4213360,227
2024-05-23,824,561,500,4161389,308
2024-05-24,718,593,477,4487352,255
2024-05-25,755,709,510,6576300,308
2024-05-26,522,327,219,2076503,132
2024-05-27,1811,389,332,2654771,212
2024-05-28,2188,438,392,3151356,226
2024-05-29,2105,456,403,3229963,234
2024-05-30,2306,416,365,2911186,272
2024-05-31,2336,NaN,NaN,NaN,250
2024-06-01,191,646,453,5258083,127
2024-06-02,151,369,261,2396683,69
2024-06-03,97,359,308,2410993,68
2024-06-04,115,417,369,3002001,56
2024-06-05,47,357,333,2502621,36
2024-06-06,51,417,383,2927064,45
2024-06-07,140,507,419,3829057,104
2024-06-08,135,680,491,5302934,124
2024-06-09,68,361,282,2334430,60
2024-06-10,85,403,360,2705749,62
2024-06-11,49,324,300,2217079,39
2024-06-12,46,366,340,2458541,35
2024-06-13,38,395,358,2750682,32
2024-06-14,87,475,371,3882346,71
2024-06-15,98,609,426,5126860,89
2024-06-16,73,NaN,NaN,NaN,54
2024-06-17,75,401,356,2621456,47
2024-06-18,136,505,451,3650743,104
2024-06-19,109,NaN,NaN,NaN,83
2024-06-20,107,NaN,NaN,NaN,87
2024-06-21,127,NaN,NaN,NaN,112
2024-06-22,756,659,454,5312787,302
2024-06-23,466,306,222,1953729,118
2024-06-24,588,373,307,2506045,182
2024-06-25,506,317,274,2120622,165
2024-06-26,768,336,311,2265718,212
2024-06-27,1993,471,428,3594643,341
2024-06-28,1421,552,474,4412703,264
2024-06-29,1262,602,444,4810254,284
2024-06-30,353,227,160,1503173,78
2024-07-01,66,243,224,1699870,36
2024-07-02,91,269,239,1859242,50
2024-07-03,66,283,252,2001745,51
2024-07-04,99,439,417,3051179,94
2024-07-05,38,374,326,2375582,36
2024-07-06,139,609,398,4813637,136
2024-07-07,25,240,209,1456774,21
2024-07-08,94,221,203,1477938,49
2024-07-09,63,294,263,2057638,37
2024-07-10,187,499,473,3852299,125
2024-07-11,86,515,462,4102158,67
2024-07-12,145,577,455,4150442,115
2024-07-13,200,745,508,6353175,172
2024-07-14,141,752,491,6477211,135
2024-07-15,60,203,127,1351680,39
2024-07-16,179,317,238,2173312,119
2024-07-17,121,328,270,2474466,94
2024-07-18,828,523,479,3815810,262
2024-07-19,1098,533,412,3855421,318
2024-07-20,838,711,475,5528771,310
2024-07-21,409,453,284,3163671,146
2024-07-22,714,559,429,3916930,208
2024-07-23,722,566,432,4007703,253
2024-07-24,583,607,500,5050390,185
2024-07-25,857,637,488,4812438,273
2024-07-26,743,742,489,5645535,264
2024-07-27,733,817,512,6732838,302
2024-07-28,530,507,265,3342263,173
2024-07-29,498,561,360,3819559,179
2024-07-30,456,539,383,3817609,170
2024-07-31,824,647,499,5364863,145
2024-08-01,294,672,506,5443423,119
2024-08-02,924,735,475,5554548,268
2024-08-03,957,808,509,6774747,331
2024-08-04,502,557,285,3697331,151
2024-08-05,800,729,460,5157520,208
2024-08-06,625,728,515,5501616,254
2024-08-07,736,716,509,5319489,246
2024-08-08,689,741,530,6044060,241
2024-08-09,713,778,512,6435847,220
2024-08-10,891,826,530,8089630,330
2024-08-11,778,839,526,8050442,282
2024-08-12,1067,855,525,7583186,326
2024-08-13,679,861,523,7659625,241
2024-08-14,574,865,532,8026413,216
2024-08-15,664,760,462,6989934,231
2024-08-16,1338,664,464,6482165,176
2024-08-17,539,621,462,6642891,156
2024-08-18,331,634,465,6289101,132
2024-08-19,433,663,479,6097464,132
2024-08-20,1314,620,450,5292169,204
2024-08-21,952,625,477,5297670,167
2024-08-22,276,693,512,5993403,71
2024-08-23,484,687,481,5941255,164
2024-08-24,706,681,472,6253360,245
2024-08-25,597,494,285,3421620,201
2024-08-26,1038,474,355,3363585,288
2024-08-27,908,482,453,3652742,295
2024-08-28,679,485,402,3879401,153
2024-08-29,470,451,346,3645570,135
2024-08-30,412,372,283,2881907,99
2024-08-31,435,316,240,2530457,147
2024-09-01,429,188,133,1211342,125
2024-09-02,480,NaN,NaN,NaN,159
2024-09-03,896,494,436,3594539,202
2024-09-04,359,523,455,3706563,159
2024-09-05,407,543,458,3990061,171
2024-09-06,688,604,472,4534101,241
2024-09-07,1084,748,548,6220647,291
2024-09-08,508,589,425,4277698,185
2024-09-09,1028,471,382,3200716,263
2024-09-10,685,484,414,3562050,217
2024-09-11,741,479,400,3541310,249
2024-09-12,617,457,390,3244241,208
2024-09-13,707,566,432,4374333,247
2024-09-14,1035,811,505,6982878,364
2024-09-15,801,795,498,6917314,330
2024-09-16,930,345,245,2333977,142
2024-09-17,889,495,418,3383878,262
2024-09-18,616,488,411,3723077,200
2024-09-19,724,549,479,3916327,249
2024-09-20,594,546,410,3876461,227
2024-09-21,799,813,525,7062048,309
2024-09-22,704,788,524,6809372,281
2024-09-23,450,393,290,2626678,147
2024-09-24,625,468,432,3175137,184
2024-09-25,866,514,460,3528557,265
2024-09-26,854,552,475,4149468,284
2024-09-27,812,581,464,4304924,262
2024-09-28,809,674,477,5778552,314
2024-09-29,956,402,292,2568441,135
2024-09-30,528,401,333,2554040,158
2024-10-01,322,398,353,2608216,140
2024-10-02,416,475,427,3701766,123
2024-10-03,487,519,489,4251500,176
2024-10-04,929,644,507,5318810,331
2024-10-05,783,732,520,6488565,333
2024-10-06,414,408,307,2930163,163
2024-10-07,599,497,436,3456782,177
2024-10-08,398,487,440,3487125,145
2024-10-09,316,464,424,3599924,147
2024-10-10,598,576,507,4572016,185
2024-10-11,539,616,500,5587142,189
2024-10-12,1047,782,527,7117174,342
2024-10-13,612,743,506,6684007,225
2024-10-14,595,494,351,3417490,215
2024-10-15,1090,554,484,4173340,325
2024-10-16,701,591,517,4960976,239
2024-10-17,775,572,498,4769373,237
2024-10-18,816,634,496,5118554,299
2024-10-19,634,630,488,5664103,213
2024-10-20,767,645,519,5279296,297
2024-10-21,976,578,495,4646844,321
2024-10-22,673,533,471,4268362,219
2024-10-23,851,539,482,4410079,292
2024-10-24,672,578,515,5161866,198
2024-10-25,642,623,496,5238584,175
2024-10-26,638,694,504,6694271,244
2024-10-27,710,539,385,4258486,228
2024-10-28,696,445,371,3296059,223
2024-10-29,714,571,478,4170691,242
2024-10-30,1015,535,469,3861794,309
2024-10-31,694,559,474,4051294,248
2024-11-01,1199,653,494,4889926,324
2024-11-02,941,793,537,7183589,337
2024-11-03,773,802,507,7203675,285
2024-11-04,361,364,251,2455732,137
2024-11-05,389,409,315,3035505,161
2024-11-06,469,405,350,3393039,167
2024-11-07,776,566,497,5128287,170
2024-11-08,456,641,520,5501110,165
2024-11-09,810,745,525,6820599,315
2024-11-10,402,462,299,3441214,132
2024-11-11,563,510,400,3908290,169
2024-11-12,526,440,341,3650730,184
2024-11-13,555,553,463,4670958,193
2024-11-14,203,624,521,5324110,123
2024-11-15,775,684,525,5489071,268
2024-11-16,695,723,537,6915085,242
2024-11-17,879,580,413,4115418,260
2024-11-18,895,545,467,4205679,295
2024-11-19,983,552,466,4736363,303
2024-11-20,1040,578,500,5026969,222
2024-11-21,676,585,518,4937975,198
2024-11-22,714,626,502,5206616,218
2024-11-23,358,634,482,5709226,159
2024-11-24,483,582,416,4339306,185
2024-11-25,844,502,437,3665990,294
2024-11-26,588,520,479,3908476,218
2024-11-27,858,535,482,4070450,263
2024-11-28,1119,580,522,4799523,325
2024-11-29,895,638,499,5177565,352
2024-11-30,884,724,523,6807248,373
2024-12-01,1149,355,268,2276134,163
2024-12-02,762,449,390,3000635,231
2024-12-03,647,436,389,3058047,218
2024-12-04,664,465,419,3546769,222
2024-12-05,746,478,442,3504070,301
2024-12-06,748,546,474,4615035,269
2024-12-07,837,685,507,6551504,372
2024-12-08,410,299,225,1979302,135
2024-12-09,751,378,348,2510328,223
2024-12-10,818,494,462,3506060,287
2024-12-11,804,488,453,3660992,261
2024-12-12,742,480,455,3426263,299
2024-12-13,874,441,368,3010850,301
2024-12-14,1055,672,482,5962050,336
2024-12-15,481,473,372,3135758,106
2024-12-16,705,347,321,2312660,228
2024-12-17,913,465,424,3368338,305
2024-12-18,825,466,433,3400333,266
2024-12-19,733,451,418,3197159,278
2024-12-20,699,473,408,3566744,231
2024-12-21,646,525,380,4312954,245
2024-12-22,203,183,130,1169233,87
2024-12-23,547,259,241,1731109,204
2024-12-24,831,397,362,2728767,168
2024-12-25,243,348,305,2427727,119
2024-12-26,324,398,328,2741233,141
2024-12-27,833,455,326,3095533,254
2024-12-28,931,662,403,5380508,315
2024-12-29,802,678,381,5009052,284
2024-12-30,610,556,311,4068016,223
2024-12-31,503,434,260,3888735,139
2025-01-01,369,406,232,3129403,107
2025-01-02,533,477,275,3695810,182
2025-01-03,440,466,259,3355047,165
2025-01-04,274,298,169,2005184,115
2025-01-05,215,138,90,842162,63
2025-01-06,276,152,129,958666,96
2025-01-07,322,166,155,1091286,117
2025-01-08,377,191,179,1257270,132
2025-01-09,501,251,239,1628905,175
2025-01-10,400,213,182,1411071,142
2025-01-11,539,405,266,3084667,198
2025-01-12,250,323,191,2336765,110
2025-01-13,49,52,42,389441,35
2025-01-14,686,313,259,2284756,200
2025-01-15,536,279,260,1846134,178
2025-01-16,538,314,291,2060298,198
2025-01-17,671,365,307,2287092,166
2025-01-18,492,514,401,4041966,183
2025-01-19,324,242,196,1507520,92
2025-01-20,679,366,343,2336389,154
2025-01-21,572,299,283,1994609,179
2025-01-22,535,352,335,2398151,178
2025-01-23,543,323,302,2139659,207
2025-01-24,513,287,242,1883848,168
2025-01-25,617,480,338,3909045,247
2025-01-26,260,160,121,1168543,79
2025-01-27,615,254,226,1719343,168
2025-01-28,511,299,268,2057981,178
2025-01-29,511,342,308,2344566,190
2025-01-30,428,269,252,1852891,169
2025-01-31,573,279,225,1964327,170
2025-02-01,480,366,262,2763544,192
2025-02-02,1251,200,161,1245217,77
2025-02-03,413,256,227,1694448,120
2025-02-04,489,328,313,2278553,150
2025-02-05,302,264,251,1729201,102
2025-02-06,327,289,277,1878106,129
2025-02-07,434,328,267,2427544,145
2025-02-08,943,688,486,6270792,361
2025-02-09,548,459,330,3809471,196
2025-02-10,379,308,236,1991507,131
2025-02-11,263,216,182,1484619,76
2025-02-12,626,351,321,2473987,192
2025-02-13,426,349,326,2347995,174
2025-02-14,451,325,267,2195690,150
2025-02-15,425,417,320,3308659,195
2025-02-16,248,233,175,1529604,85
2025-02-17,486,328,280,2267150,140
2025-02-18,681,385,347,2565503,214
2025-02-19,466,370,317,2478909,157
2025-02-20,487,392,354,2635830,162
2025-02-21,544,317,250,1998296,183
2025-02-22,913,706,465,6048102,297
2025-02-23,470,492,313,3847833,151
2025-02-24,514,293,217,1973148,144
2025-02-25,814,381,340,2662544,258
2025-02-26,890,434,384,2928055,270
2025-02-27,704,461,406,3169071,253
2025-02-28,708,439,363,2927974,199
2025-03-01,574,494,353,3791320,183
2025-03-02,312,260,196,1660703,87
2025-03-03,519,253,218,1750240,142
2025-03-04,592,318,277,2089636,203
2025-03-05,630,337,285,2201491,202
2025-03-06,607,427,390,2920074,222
2025-03-07,1074,424,332,2987989,236
2025-03-08,708,633,432,5188765,271
2025-03-09,448,293,225,1863377,125
2025-03-10,731,375,319,2438860,203
2025-03-11,883,506,414,3550566,296
2025-03-12,585,371,340,2688948,193
2025-03-13,596,415,362,2888680,229
2025-03-14,841,487,371,3514211,270
2025-03-15,997,755,523,6646089,400
2025-03-16,505,344,234,2318379,154
2025-03-17,614,404,321,2686681,215
2025-03-18,585,355,310,2470800,223
2025-03-19,795,617,459,4724626,232
2025-03-20,582,596,394,4378882,200
2025-03-21,573,488,313,3689612,208
2025-03-22,882,684,474,5458465,284
2025-03-23,408,324,216,2226802,131
2025-03-24,537,347,261,2544015,183
2025-03-25,608,500,419,3653672,228
2025-03-26,904,563,434,4283118,319
2025-03-27,788,588,422,4390773,268
2025-03-28,707,630,430,4855208,255
2025-03-29,600,673,508,7092355,206
2025-03-30,486,449,279,4299207,191
2025-03-31,625,335,243,2412038,171
2025-04-01,709,436,344,3228462,217
2025-04-02,534,409,319,2945256,167
2025-04-03,949,538,471,4230811,236
2025-04-04,859,648,510,5369529,285
2025-04-05,669,658,478,5949278,264
2025-04-06,570,362,248,2609331,157
2025-04-07,1034,443,368,3272665,235
2025-04-08,661,483,407,3640744,232
2025-04-09,749,427,373,3089460,244
2025-04-10,669,429,386,3132953,240
2025-04-11,728,504,393,3603943,243
2025-04-12,704,700,489,6241232,263
2025-04-13,485,297,230,1940609,128
2025-04-14,793,366,329,2494517,207
2025-04-15,726,445,386,2963288,212
2025-04-16,545,409,344,2907607,196
2025-04-17,610,463,408,3361391,189
2025-04-18,818,474,385,3525394,254
2025-04-19,895,732,514,6951232,370
2025-04-20,484,339,248,2236118,135
2025-04-21,879,385,336,2630558,248
2025-04-22,822,398,362,2786400,255
2025-04-23,972,468,430,3358006,261
2025-04-24,628,427,397,3058205,229
2025-04-25,755,463,381,3433474,212
2025-04-26,869,743,487,6864655,335
2025-04-27,561,491,279,3805514,194
2025-04-28,441,420,257,3214653,163
2025-04-29,346,297,187,2172082,133
2025-04-30,693,405,289,3352909,208
2025-05-01,551,448,302,3281899,197
2025-05-02,904,598,394,4995526,262
2025-05-03,993,806,507,8898595,286
2025-05-04,631,788,490,8601337,225
2025-05-05,593,590,312,5337740,228
2025-05-06,311,167,133,1132056,73
2025-05-07,458,248,224,1745976,130
2025-05-08,477,308,274,2180065,157
2025-05-09,821,446,394,3402675,179
2025-05-10,496,613,449,5614073,223
2025-05-11,441,272,211,1849569,126
2025-05-12,1257,396,356,2677604,220
2025-05-13,704,459,416,3218883,206
2025-05-14,1005,506,460,4153424,226
2025-05-15,450,558,499,4724717,173
2025-05-16,556,435,349,3339070,176
2025-05-17,642,581,393,5229535,233
2025-05-18,399,413,287,2989960,94
2025-05-19,676,428,369,3166653,187
2025-05-20,565,448,405,3246931,188
2025-05-21,607,490,435,3779638,193
2025-05-22,717,566,499,4620582,271
2025-05-23,982,604,477,4867599,322
2025-05-24,1260,720,512,6841426,267
2025-05-25,769,397,310,2934646,175
2025-05-26,721,415,369,2858380,207
2025-05-27,615,471,428,3399506,206
2025-05-28,635,475,433,3787140,220
2025-05-29,545,412,371,2878375,202
2025-05-30,506,431,354,3162592,161
2025-05-31,611,597,433,5158661,229
2025-06-01,306,264,185,1690381,94
2025-06-02,488,294,257,2046894,147
2025-06-03,537,310,276,2072751,168
2025-06-04,1139,457,414,3340411,257
2025-06-05,795,523,487,3955559,280
2025-06-06,653,467,397,3388060,199
2025-06-07,667,624,441,5482707,227
2025-06-08,438,277,194,1780527,105
2025-06-09,587,289,256,2063210,198
2025-06-10,696,332,309,2334754,220
2025-06-11,710,384,362,2642057,225
2025-06-12,506,451,408,3802014,178
2025-06-13,908,534,449,3999374,273
2025-06-14,616,589,405,5071671,253
2025-06-15,376,215,157,1409513,98
2025-06-16,634,264,229,1801255,183
2025-06-17,560,333,301,2325878,208
2025-06-18,1341,562,506,4674288,297
2025-06-19,518,565,495,4944343,194
2025-06-20,738,681,526,6160049,257
2025-06-21,507,641,463,6065169,215
2025-06-22,334,209,156,1446262,112
2025-06-23,559,302,262,2257483,197
2025-06-24,630,313,294,2200860,225
2025-06-25,721,402,375,2923504,199
2025-06-26,667,386,345,2807393,215
2025-06-27,523,387,324,3110877,170
2025-06-28,629,590,433,5180908,244
2025-06-29,340,209,164,1341543,119
2025-06-30,516,232,196,1606898,132
2025-07-01,491,311,278,2179798,152
2025-07-02,715,350,321,2603368,183
2025-07-03,675,464,426,3547302,238
2025-07-04,719,476,363,3374389,212
2025-07-05,684,598,423,4761751,287
2025-07-06,519,295,223,1989647,164
2025-07-07,662,303,269,2180143,182
2025-07-08,704,409,376,2998199,218
2025-07-09,641,399,384,3017147,214
2025-07-10,703,441,392,3242535,233
2025-07-11,548,433,363,3863690,152
2025-07-12,610,537,345,4872541,258
2025-07-13,308,233,149,1537991,104
2025-07-14,746,275,237,1945227,181
2025-07-15,714,387,347,2667622,230
2025-07-16,814,445,414,3099277,286
2025-07-17,683,442,387,3230312,246
2025-07-18,788,442,347,3379684,243
2025-07-19,1048,858,549,8032050,404
2025-07-20,864,836,477,7190631,360
2025-07-21,519,348,199,2671241,137
2025-07-22,790,480,366,3504191,244
2025-07-23,734,509,394,3768423,247
2025-07-24,1011,622,465,4476163,347
2025-07-25,855,613,429,4256878,257
2025-07-26,724,720,459,6109946,259
2025-07-27,554,541,294,3862161,190
2025-07-28,897,595,421,4325783,249
2025-07-29,687,556,411,4116187,234
2025-07-30,861,585,441,4224366,308
2025-07-31,898,602,447,4877582,220
2025-08-01,832,731,485,6324550,253
2025-08-02,854,751,485,7073581,297
2025-08-03,621,622,365,4499656,248
2025-08-04,790,668,482,6055750,245
2025-08-05,916,695,501,6591053,311
2025-08-06,769,679,495,6237778,245
2025-08-07,773,776,549,7643313,314
2025-08-08,998,639,403,5025103,305
2025-08-09,993,860,530,8574286,374
2025-08-10,932,873,543,8674065,319
2025-08-11,1192,860,533,8260597,415
2025-08-12,1220,890,539,8133420,396
2025-08-13,1060,864,525,8038258,369
2025-08-14,971,852,511,7888713,347
2025-08-15,835,806,483,7601417,305
2025-08-16,1172,760,518,8261765,388
2025-08-17,872,668,460,6530381,251
2025-08-18,1137,654,435,4884082,312
2025-08-19,924,654,466,4863327,309
2025-08-20,1015,625,455,4667310,318
2025-08-21,926,630,479,4893497,320
2025-08-22,1039,675,474,5334896,290
2025-08-23,811,759,530,7470104,317
2025-08-24,845,587,379,4259753,211
2025-08-25,1079,544,400,3850921,278
2025-08-26,1064,600,467,4432594,302
2025-08-27,777,545,451,3974819,287
2025-08-28,802,518,411,3731195,267
2025-08-29,1009,649,431,5149728,318
2025-08-30,843,728,482,6618775,313
2025-08-31,548,286,223,1986344,134
2025-09-01,903,379,311,2634434,210
2025-09-02,803,430,382,3141271,249
2025-09-03,884,493,441,3599102,257
2025-09-04,739,534,479,3944217,249
2025-09-05,799,576,449,4669614,236
2025-09-06,657,739,521,6991518,262
2025-09-07,320,483,344,3912750,135
2025-09-08,745,322,266,2205300,219
2025-09-09,683,425,369,3028605,220
2025-09-10,885,500,451,3466840,322
2025-09-11,1268,580,516,4963736,357
2025-09-12,985,617,529,5792038,298
2025-09-13,528,695,497,7200083,221
2025-09-14,782,743,488,7079366,305
2025-09-15,864,314,226,2057324,124
2025-09-16,864,442,377,3147808,240
2025-09-17,659,475,415,3569116,251
2025-09-18,733,512,445,3827900,260
2025-09-19,746,536,426,3993977,261
2025-09-20,930,743,526,6887982,339
2025-09-21,784,593,416,4453875,238
2025-09-22,498,468,363,3658144,170
2025-09-23,418,347,281,2403961,132
2025-09-24,975,546,486,4176166,356
2025-09-25,1024,579,503,5120240,371
2025-09-26,765,517,425,4191762,267
2025-09-27,817,698,515,7023973,280
2025-09-28,425,370,265,3128899,133
2025-09-29,1355,515,444,3734753,247
2025-09-30,604,379,328,2538961,193
2025-10-01,637,420,366,2940641,208
2025-10-02,616,478,427,3425234,224
2025-10-03,656,519,408,4155230,205
2025-10-04,776,746,526,7131642,341
2025-10-05,430,396,335,2760404,130
2025-10-06,663,432,383,3065125,179
2025-10-07,725,436,397,3186308,244
2025-10-08,922,491,447,3603118,253
2025-10-09,664,585,528,4936614,270
2025-10-10,815,557,422,4576114,272
2025-10-11,1016,785,537,8012656,364
2025-10-12,827,793,507,7666445,309
2025-10-13,452,303,193,2074297,127
2025-10-14,1020,519,410,3919783,273
2025-10-15,680,607,536,5434776,252
2025-10-16,756,506,434,4281556,295
2025-10-17,790,556,444,4724197,247
2025-10-18,670,744,531,7059398,285
2025-10-19,616,377,262,2794884,183
2025-10-20,750,425,352,3176980,238
2025-10-21,675,450,396,3383958,273
2025-10-22,1227,573,533,5145236,368
2025-10-23,747,578,506,5107843,294
2025-10-24,922,626,486,5298748,311
2025-10-25,781,681,476,6824717,293
2025-10-26,485,370,259,2733108,175
2025-10-27,777,410,343,3020773,215
2025-10-28,883,535,487,4126037,314
2025-10-29,773,476,400,3955432,259
2025-10-30,810,543,481,4647129,316
2025-10-31,1013,602,473,4737510,315
2025-11-01,790,767,542,7339538,278
2025-11-02,748,798,515,7175314,279
2025-11-03,379,269,169,1786269,115
2025-11-04,764,371,310,2736589,238
2025-11-05,853,557,462,4671334,309
2025-11-06,763,541,461,4508995,297
2025-11-07,865,619,483,5431890,280
2025-11-08,714,746,537,7238660,270
2025-11-09,596,510,354,3719619,210
2025-11-10,926,534,423,4276536,305
2025-11-11,929,620,510,4849174,367
2025-11-12,775,591,522,5029797,214
2025-11-13,1079,657,551,5836343,387
2025-11-14,571,674,533,6048725,239
2025-11-15,933,702,476,7028842,347
2025-11-16,703,497,321,3998938,243
2025-11-17,1162,499,423,3833492,235
2025-11-18,834,549,462,4687271,302
2025-11-19,516,526,463,4420454,241
2025-11-20,829,578,501,4740586,283
2025-11-21,1085,677,526,5764725,352
2025-11-22,970,768,539,7609283,349
2025-11-23,591,783,539,7610634,248
2025-11-24,490,437,300,3129813,173
2025-11-25,736,465,382,3532782,279
2025-11-26,810,496,429,3911871,277
2025-11-27,696,518,444,4201359,269
2025-11-28,763,517,424,4209228,254
2025-11-29,1386,712,514,6892924,341
2025-11-30,420,308,242,2173222,136
2025-12-01,586,412,370,2994577,173
2025-12-02,599,427,396,3348290,207
2025-12-03,683,400,360,2900996,243
2025-12-04,633,427,387,2905861,254
2025-12-05,724,496,411,3846728,206
2025-12-06,461,668,496,6188309,228
2025-12-07,327,248,199,1603407,109
2025-12-08,528,396,360,2973775,144
2025-12-09,786,422,381,3153041,238
2025-12-10,668,434,396,3218629,248
2025-12-11,617,461,419,3395606,238
2025-12-12,877,476,388,3597627,277
2025-12-13,728,586,433,4839252,293
2025-12-14,325,154,119,1024759,88
2025-12-15,649,299,259,2078843,194
2025-12-16,656,336,321,2388318,249
2025-12-17,713,363,345,2618475,268
2025-12-18,565,349,321,2457692,219
2025-12-19,661,433,380,3156163,196
2025-12-20,705,516,381,3985151,292
2025-12-21,246,169,141,1029758,90
2025-12-22,550,264,236,1825723,190
2025-12-23,483,266,245,1778263,182
2025-12-24,301,187,147,1169049,112
2025-12-25,362,252,182,1699381,135
2025-12-26,664,448,318,2933573,209
2025-12-27,724,568,349,5049131,263
2025-12-28,741,672,380,5060844,266
2025-12-29,744,686,397,5196599,263
2025-12-30,597,497,279,3751833,214
2025-12-31,420,443,270,3951744,109
2026-01-01,365,418,228,3501914,119
2026-01-02,421,421,225,3413476,152
2026-01-03,243,286,164,2323144,104
2026-01-04,85,102,60,670560,38
2026-01-05,210,112,90,736414,70
2026-01-06,146,107,89,775914,63
2026-01-07,298,147,128,946130,102
2026-01-08,264,158,144,1101790,98
2026-01-09,423,241,194,1622758,140
2026-01-10,459,422,267,3275807,208
2026-01-11,159,216,134,1661941,87
2026-01-12,42,35,30,263521,20
2026-01-13,368,147,133,1060240,117
2026-01-14,553,312,272,2219176,200
2026-01-15,426,264,252,1845369,178
2026-01-16,691,386,346,5268933,190
2026-01-17,322,365,273,2696894,143
2026-01-18,192,131,86,859008,71
2026-01-19,351,180,157,1252235,120
2026-01-20,458,234,219,1571481,164
2026-01-21,1528,252,245,1743808,147
2026-01-22,390,274,263,1849113,138
2026-01-23,345,264,228,1743746,107
2026-01-24,373,338,269,2604063,139
2026-01-25,131,160,137,1011094,43
2026-01-26,327,219,198,1494097,113
2026-01-27,346,235,224,1750268,125
2026-01-28,414,270,253,1876664,145
2026-01-29,326,270,259,1802780,137
2026-01-30,269,275,227,1950673,110
2026-01-31,370,363,268,2658500,159
2026-02-01,188,151,122,1038549,54
2026-02-02,403,202,179,1439010,104
2026-02-03,281,231,215,1614418,102
2026-02-04,488,293,278,2050147,163
2026-02-05,365,326,291,2246020,138
2026-02-06,871,606,446,4936242,333
2026-02-07,729,727,503,6615555,351
2026-02-08,260,246,211,1649986,110
2026-02-09,306,217,190,1507216,108
2026-02-10,325,261,209,1714914,111
2026-02-11,181,222,174,1529904,67
2026-02-12,458,322,291,2246592,184
2026-02-13,417,313,233,2243387,150
2026-02-14,463,442,297,3490209,213
2026-02-15,287,132,106,826121,66
2026-02-16,668,279,229,1829039,190
2026-02-17,805,409,349,2766130,265
2026-02-18,491,328,280,2162547,180
2026-02-19,521,333,302,2295483,197
2026-02-20,639,398,314,2997751,201
2026-02-21,1072,812,532,7266492,371
2026-02-22,642,629,379,5310711,262
2026-02-23,550,205,154,1317791,118
2026-02-24,885,450,382,3426642,256
2026-02-25,670,407,342,2810075,217
2026-02-26,635,399,356,2690188,216
2026-02-27,551,331,264,2236649,193
2026-02-28,552,504,346,3725283,203
2026-03-01,348,223,154,1479221,106
2026-03-02,447,227,221,1512578,134
2026-03-03,618,276,249,1899170,188
2026-03-04,684,354,309,2357856,228
2026-03-05,499,339,303,2402495,190
2026-03-06,621,382,302,2595185,198
2026-03-07,618,634,458,5199544,211
2026-03-08,445,290,215,1974582,122
2026-03-09,672,293,247,2034606,171
2026-03-10,608,389,328,2711140,188
2026-03-11,788,459,397,3461196,246
2026-03-12,824,497,431,3539814,275
2026-03-13,806,516,405,3701157,274
2026-03-14,794,743,519,6788917,323
2026-03-15,322,255,188,1790726,120
2026-03-16,634,330,268,2326042,203
2026-03-17,681,418,362,3099244,227
2026-03-18,597,420,350,2876965,222
2026-03-19,1131,534,386,3941141,292
2026-03-20,960,832,545,7979161,303
2026-03-21,552,820,539,7731179,218
2026-03-22,740,456,307,3213916,204
2026-03-23,806,466,345,3155308,233
2026-03-24,893,494,406,3547580,294
2026-03-25,728,519,418,3758393,252
2026-03-26,800,569,420,4099972,306
2026-03-27,855,667,451,4949021,295
2026-03-28,822,729,531,9031699,287
2026-03-29,1049,742,496,6647646,356
2026-03-30,676,425,314,3124961,212
2026-03-31,565,352,260,2522163,164
2026-04-01,701,410,320,2972815,192
2026-04-02,755,526,392,4079720,210
2026-04-03,723,554,381,4415224,254
2026-04-04,956,807,534,7247272,363
2026-04-05,481,410,299,3118624,147
2026-04-06,468,332,250,2522496,167
2026-04-07,579,343,279,2542781,181
2026-04-08,580,363,309,2693438,204
2026-04-09,599,484,426,3734249,157
2026-04-10,615,443,336,3392602,230
2026-04-11,967,683,474,7177407,391
2026-04-12,733,360,257,3068419,173
2026-04-13,730,389,332,2709838,228
2026-04-14,607,445,392,3332595,196
2026-04-15,863,578,523,4698930,265
2026-04-16,916,550,481,4731360,271
2026-04-17,734,474,372,3731565,220
2026-04-18,782,692,461,5865787,322
2026-04-19,399,280,193,1864815,107
2026-04-20,698,338,286,2259975,186
2026-04-21,822,417,379,2937507,256
2026-04-22,633,373,325,2583568,203
2026-04-23,611,415,361,2991267,218
2026-04-24,925,428,330,2983443,253
2026-04-25,712,595,407,5101590,272
2026-04-26,283,242,153,1663198,80
2026-04-27,494,292,237,2093769,151
2026-04-28,560,322,252,2184787,174
2026-04-29,574,401,254,2783889,187
2026-04-30,799,562,358,3827911,275
2026-05-01,1000,631,399,4807413,289
2026-05-02,984,856,527,9398592,341
2026-05-03,962,850,542,9862527,282
2026-05-04,687,843,529,9840647,284
2026-05-05,697,629,351,5505571,242
2026-05-06,259,184,130,1172792,94
2026-05-07,368,237,174,1623108,131
2026-05-08,526,290,222,1860555,142
2026-05-09,624,572,390,4611476,248
2026-05-10,625,254,207,1653905,133
2026-05-11,564,340,291,2231042,176
2026-05-12,826,472,416,3421756,250
2026-05-13,737,596,517,4919149,239
2026-05-14,588,493,422,4042390,198
2026-05-15,708,441,320,3141551,238
2026-05-16,809,662,440,5788159,296
2026-05-17,456,277,201,1940409,131
2026-05-18,1141,404,352,3060859,173
2026-05-19,701,488,425,3577856,208
2026-05-20,516,433,385,3121670,175
2026-05-21,620,492,441,3866974,199
2026-05-22,814,491,398,4018856,245
2026-05-23,823,696,512,6822390,335
2026-05-24,544,333,261,2275691,132
2026-05-25,755,418,356,2856120,207
2026-05-26,694,445,396,3106367,212
2026-05-27,717,389,345,2729089,223
2026-05-28,630,434,392,3038498,199
2026-05-29,1452,467,385,3231012,232
2026-05-30,686,700,513,6302179,308
2026-05-31,367,334,247,2287738,129
2026-06-01,520,303,263,2127013,145
2026-06-02,658,383,354,2648709,214
2026-06-03,607,501,404,4291452,195
2026-06-04,572,427,390,3068401,221
2026-06-05,719,477,389,3281080,221
2026-06-06,742,638,445,5087708,294
2026-06-07,319,272,218,1757167,103
2026-06-08,699,400,355,2718961,206
2026-06-09,675,383,354,2609634,212
2026-06-10,576,423,393,3043393,184
2026-06-11,784,494,452,3829436,264
2026-06-12,867,577,435,4336646,263
2026-06-13,1058,732,515,7427847,404
2026-06-14,630,454,330,3405523,212
2026-06-15,794,343,285,2178498,229
2026-06-16,660,348,315,2499274,194
2026-06-17,549,366,329,2490435,184
2026-06-18,678,429,366,2995522,233
2026-06-19,757,593,450,4930704,228
2026-06-20,678,761,525,7917606,286
2026-06-21,501,274,168,1926102,129
2026-06-22,935,372,305,2492195,221
2026-06-23,584,404,357,2671576,198
2026-06-24,853,429,388,3017985,192
2026-06-25,679,520,454,3934859,223
2026-06-26,640,510,404,3576512,223
2026-06-27,655,718,468,6167227,291
2026-06-28,346,270,173,1778966,115
2026-06-29,626,297,252,1993564,181
2026-06-30,558,302,256,1877355,177
2026-07-01,590,334,298,2409154,186
2026-07-02,524,361,311,2346538,179
2026-07-03,748,520,405,3676204,224
2026-07-04,771,704,447,5718034,288
2026-07-05,728,283,208,1869094,124
2026-07-06,716,353,292,2280262,208
2026-07-07,612,337,296,2294788,210
2026-07-08,719,399,356,2662406,228
2026-07-09,759,478,403,3187858,229
2026-07-10,909,579,460,4820328,275
2026-07-11,652,705,530,6273333,253
2026-07-12,573,326,223,2024926,164
2026-07-13,770,312,277,1911413,197
2026-07-14,625,352,321,2276519,198
2026-07-15,521,337,296,2314745,177
2026-07-16,710,457,418,3162400,250
2026-07-17,879,516,379,3653219,263
2026-07-18,1003,806,532,7802915,364
2026-07-19,874,820,511,7414518,334
2026-07-20,591,355,223,2270587,116
2026-07-21,781,405,323,2735438,214
2026-07-22,645,412,332,2843954,200
2026-07-23,647,491,381,3399482,221
2026-07-24,743,567,389,4114165,233
2026-07-25,704,754,460,6591840,289
2026-07-26,520,432,239,2809563,160
2026-07-27,993,603,413,3826015,289
2026-07-28,715,576,436,4150155,234
2026-07-29,879,607,487,4762482,241
2026-07-30,834,681,505,6290429,305
2026-07-31,658,686,481,6225074,235
2026-08-01,772,778,494,7432507,304
2026-08-02,552,489,262,3438034,187
2026-08-03,890,654,444,4694209,313
2026-08-04,734,584,399,6003891,310
2026-08-05,810,580,401,5895882,328
2026-08-06,853,694,477,5308803,300
2026-08-07,768,690,416,5486530,266
2026-08-08,1151,841,547,9322595,411
2026-08-09,1116,863,517,8540405,370
2026-08-10,946,900,546,8661260,342
2026-08-11,1181,864,519,7955568,401
2026-08-12,1074,859,505,7734693,349
2026-08-13,993,843,516,8423525,338
2026-08-14,961,857,517,8332972,333
2026-08-15,661,764,442,6880919,257
2026-08-16,962,561,319,3681304,217
2026-08-17,808,649,394,4494834,253
2026-08-18,837,685,457,4837067,290
2026-08-19,961,670,479,4839816,322
2026-08-20,994,655,490,6383896,348
2026-08-21,857,656,456,6050935,314
2026-08-22,858,800,475,6866405,320
2026-08-23,656,486,289,3220464,195
2026-08-24,1094,579,397,3910097,298
2026-08-25,1143,621,481,4604667,342
2026-08-26,891,586,455,4226449,292
2026-08-27,719,612,478,4940684,199
2026-08-28,804,511,355,3722373,249
2026-08-29,790,635,416,5382519,282
2026-08-30,213,221,141,1622083,72
2026-08-31,684,308,259,2154271,181
2026-09-01,1042,442,364,2854213,262
2026-09-02,712,454,385,3086574,220
2026-09-03,670,468,385,3296296,228
2026-09-04,831,646,491,5442685,230
2026-09-05,538,733,529,7190750,211
2026-09-06,408,501,408,4338206,103
2026-09-07,436,302,204,2096407,132
2026-09-08,529,273,207,1851606,148
2026-09-09,592,421,327,2830458,171
2026-09-10,792,516,441,4038709,229
2026-09-11,631,559,386,4223558,226
2026-09-12,733,730,493,6618366,275
2026-09-13,554,437,284,3113832,163
2026-09-14,472,276,209,1888645,134
2026-09-15,444,280,230,1831538,142
2026-09-16,845,383,344,2764926,197
2026-09-17,427,382,315,2493261,145
2026-09-18,632,451,330,3577180,178
2026-09-19,926,771,497,8168297,318
2026-09-20,1374,834,508,8275562,257
2026-09-21,592,825,514,8375096,232
2026-09-22,519,690,425,6135851,228
2026-09-23,310,279,203,1886533,86
2026-09-24,345,320,253,2117947,118
2026-09-25,495,571,414,4561145,117
2026-09-26,473,704,523,6606422,185
2026-09-27,472,441,300,3099431,139
2026-09-28,363,293,216,1940406,112
2026-09-29,521,336,259,2287211,85
2026-09-30,155,192,156,1448315,51
2026-10-01,937,495,451,4523316,190
2026-10-02,296,537,462,5173032,112
2026-10-03,1278,687,503,6766855,257
2026-10-04,492,486,358,3461528,186
2026-10-05,334,282,226,1906948,81
2026-10-06,286,310,249,2117158,82
2026-10-07,241,282,230,2177553,68
2026-10-08,361,342,275,2683921,96
2026-10-09,493,371,296,2741753,124
2026-10-10,753,697,500,6759870,278
2026-10-11,535,723,515,6833699,268
2026-10-12,300,241,169,1607011,88
2026-10-13,386,291,264,2046636,53
2026-10-14,510,341,303,2363358,108
2026-10-15,233,363,307,2597956,77
2026-10-16,324,263,181,2289432,128
2026-10-17,648,629,434,5173541,193
2026-10-18,449,395,273,2438619,112
2026-10-19,497,308,230,2038198,132
2026-10-20,214,235,184,1589376,71
2026-10-21,598,316,269,2238571,136
2026-10-22,549,467,423,3615303,133
2026-10-23,473,429,317,3577841,123
2026-10-24,720,672,448,6190828,241
2026-10-25,286,262,176,1748507,83
2026-10-26,537,282,226,1962053,92
2026-10-27,297,232,186,1622236,82
2026-10-28,386,353,280,2708690,77
2026-10-29,515,578,490,5010660,137
2026-10-30,803,525,398,4149997,135
2026-10-31,674,717,530,5910382,245
2026-11-01,207,219,147,1397569,52
2026-11-02,221,246,186,796002,32
2026-11-03,143,131,102,904306,26
2026-11-04,219,198,182,1595951,44
2026-11-05,198,195,177,1533931,38
2026-11-06,322,228,200,1726847,51
2026-11-07,520,468,361,4094700,171
2026-11-08,196,246,186,1695756,50
2026-11-09,144,171,134,1184577,32
2026-11-10,228,210,181,1474104,63
2026-11-11,635,482,445,4097539,93
2026-11-12,461,528,492,5103054,173
2026-11-13,1039,673,503,6457750,307
2026-11-14,562,715,503,7028502,268
2026-11-15,1539,213,176,1635885,59
2026-11-16,180,216,183,1671693,47
2026-11-17,272,231,199,1601132,48
2026-11-18,206,324,279,2517839,45
2026-11-19,613,479,442,3834830,157
2026-11-20,516,488,412,4199945,94
2026-11-21,524,707,522,7043510,211
2026-11-22,559,613,459,5470264,139
2026-11-23,98,194,171,1323527,23
2026-11-24,56,137,133,977623,16
2026-11-25,161,117,111,773906,27
2026-11-26,612,302,294,2219475,107
2026-11-27,17,376,363,3146031,17
2026-11-28,62,437,386,3443669,62
2026-11-29,0,103,101,704151,0
